pot_id,image_type,size,plant,filename,folder
ayo,product_cream,large,mixed,ayo_large_soil_plant.jpg,Ayo + ZZ Plant & Pothos & Peace Lily
ayo,product_cream,large,mixed,ayo_large_soil_plant_2.jpg,Ayo + ZZ Plant & Pothos & Peace Lily
ayo,product_cream,large,mixed,ayo_large_soil_plant_3.jpg,Ayo + ZZ Plant & Pothos & Peace Lily
ayo,product_cream,large,mixed,ayo_large_soil_plant_4.jpg,Ayo + ZZ Plant & Pothos & Peace Lily
ayo,product_cream,medium,mixed,ayo_medium_soil_plant.jpg,Ayo + ZZ Plant & Pothos & Peace Lily
ayo,product_cream,medium,mixed,ayo_medium_soil_plant_2.jpg,Ayo + ZZ Plant & Pothos & Peace Lily
ayo,product_cream,medium,mixed,ayo_medium_soil_plant_3.jpg,Ayo + ZZ Plant & Pothos & Peace Lily
ayo,product_cream,medium,mixed,ayo_medium_soil_plant_4.jpg,Ayo + ZZ Plant & Pothos & Peace Lily
ayo,product_cream,medium,mixed,ayo_product_alt.jpg,Ayo + ZZ Plant & Pothos & Peace Lily
ayo,product_cream,medium,mixed,ayo_product_alt_2.jpg,Ayo + ZZ Plant & Pothos & Peace Lily
ayo,product_cream,medium,mixed,ayo_product_alt_3.jpg,Ayo + ZZ Plant & Pothos & Peace Lily
ayo,environment,small,peace-lily,ayo_small_peace-lily_environment_1.jpg,Ayo + ZZ Plant & Pothos & Peace Lily
ayo,environment,small,peace-lily,ayo_small_peace-lily_environment_5.jpg,Ayo + ZZ Plant & Pothos & Peace Lily
ayo,environment,small,plant-unknown,ayo_small_plant-unknown_environment_8.jpg,Ayo + ZZ Plant & Pothos & Peace Lily
ayo,environment,small,pothos,ayo_small_pothos_environment_3.jpg,Ayo + ZZ Plant & Pothos & Peace Lily
ayo,environment,small,pothos,ayo_small_pothos_environment_7.jpg,Ayo + ZZ Plant & Pothos & Peace Lily
ayo,environment,small,snake-plant,ayo_small_snake-plant_environment.jpg,Ayo + ZZ Plant & Pothos & Peace Lily
ayo,environment,small,snake-plant,ayo_small_snake-plant_environment_4.jpg,Ayo + ZZ Plant & Pothos & Peace Lily
ayo,product_cream,small,mixed,ayo_small_soil_plant.jpg,Ayo + ZZ Plant & Pothos & Peace Lily
ayo,product_cream,small,mixed,ayo_small_soil_plant_10.jpg,Ayo + ZZ Plant & Pothos & Peace Lily
ayo,product_cream,small,mixed,ayo_small_soil_plant_11.jpg,Ayo + ZZ Plant & Pothos & Peace Lily
ayo,product_cream,small,mixed,ayo_small_soil_plant_12.jpg,Ayo + ZZ Plant & Pothos & Peace Lily
ayo,product_cream,small,mixed,ayo_small_soil_plant_2.jpg,Ayo + ZZ Plant & Pothos & Peace Lily
ayo,product_cream,small,mixed,ayo_small_soil_plant_3.jpg,Ayo + ZZ Plant & Pothos & Peace Lily
ayo,product_cream,small,mixed,ayo_small_soil_plant_4.jpg,Ayo + ZZ Plant & Pothos & Peace Lily
ayo,product_cream,small,mixed,ayo_small_soil_plant_5.jpg,Ayo + ZZ Plant & Pothos & Peace Lily
ayo,product_cream,small,mixed,ayo_small_soil_plant_6.jpg,Ayo + ZZ Plant & Pothos & Peace Lily
ayo,product_cream,small,mixed,ayo_small_soil_plant_7.jpg,Ayo + ZZ Plant & Pothos & Peace Lily
ayo,product_cream,small,mixed,ayo_small_soil_plant_8.jpg,Ayo + ZZ Plant & Pothos & Peace Lily
ayo,product_cream,small,mixed,ayo_small_soil_plant_9.jpg,Ayo + ZZ Plant & Pothos & Peace Lily
ayo,environment,small,zz-plant,ayo_small_zz-plant_environment_2.jpg,Ayo + ZZ Plant & Pothos & Peace Lily
ayo,environment,small,zz-plant,ayo_small_zz-plant_environment_6.jpg,Ayo + ZZ Plant & Pothos & Peace Lily
ayo,product_cream,medium,none,ayo_soil_only.jpg,Ayo + ZZ Plant & Pothos & Peace Lily
ayo,product_cream,medium,none,ayo_soil_only_2.jpg,Ayo + ZZ Plant & Pothos & Peace Lily
ayo,product_cream,medium,none,ayo_soil_only_3.jpg,Ayo + ZZ Plant & Pothos & Peace Lily
ayo,product_cream,medium,none,ayo_soil_only_4.jpg,Ayo + ZZ Plant & Pothos & Peace Lily
ayo,product_cream,medium,none,ayo_soil_only_5.jpg,Ayo + ZZ Plant & Pothos & Peace Lily
ayo,product_cream,medium,none,ayo_soil_only_6.jpg,Ayo + ZZ Plant & Pothos & Peace Lily
ayo,product_cream,standard,none,ayo_standard_pot_only_slide.jpg,Ayo + ZZ Plant & Pothos & Peace Lily
ayo,product_cream,standard,none,ayo_standard_pot_only_slide_2.jpg,Ayo + ZZ Plant & Pothos & Peace Lily
ayo,product_cream,standard,none,ayo_standard_pot_only_slide_3.jpg,Ayo + ZZ Plant & Pothos & Peace Lily
ayo,product_cream,standard,none,ayo_standard_pot_only_slide_4.jpg,Ayo + ZZ Plant & Pothos & Peace Lily
ayo,product_cream,standard,none,ayo_standard_pot_only_slide_5.jpg,Ayo + ZZ Plant & Pothos & Peace Lily
ayo,product_cream,standard,none,ayo_standard_pot_only_slide_6.jpg,Ayo + ZZ Plant & Pothos & Peace Lily
ayo,product_cream,standard,none,ayo_standard_pot_only_slide_7.jpg,Ayo + ZZ Plant & Pothos & Peace Lily
kito,product_cream,medium,mixed,kito_carousel.jpg,Kito + Snake Plant & Peace Lily
kito,product_cream,medium,mixed,kito_carousel_2.jpg,Kito + Snake Plant & Peace Lily
kito,product_cream,medium,mixed,kito_carousel_3.jpg,Kito + Snake Plant & Peace Lily
kito,product_cream,medium,mixed,kito_carousel_4.jpg,Kito + Snake Plant & Peace Lily
kito,product_cream,medium,mixed,kito_carousel_5.jpg,Kito + Snake Plant & Peace Lily
kito,product_cream,medium,mixed,kito_carousel_6.jpg,Kito + Snake Plant & Peace Lily
kito,environment,large,peace-lily,kito_large_peace-lily_environment_1.jpg,Kito + Snake Plant & Peace Lily
kito,environment,large,peace-lily,kito_large_peace-lily_environment_3.jpg,Kito + Snake Plant & Peace Lily
kito,environment,large,snake-plant,kito_large_snake-plant_environment.jpg,Kito + Snake Plant & Peace Lily
kito,environment,large,snake-plant,kito_large_snake-plant_environment_2.jpg,Kito + Snake Plant & Peace Lily
kito,environment,unknown,unknown,kito_large_snake-plant_living-room_environment.jpg,Kito + Snake Plant & Peace Lily
kito,product_cream,large,mixed,kito_large_soil_plant.jpg,Kito + Snake Plant & Peace Lily
kito,product_cream,large,mixed,kito_large_soil_plant_2.jpg,Kito + Snake Plant & Peace Lily
kito,product_cream,large,mixed,kito_large_soil_plant_3.jpg,Kito + Snake Plant & Peace Lily
kito,product_cream,large,mixed,kito_large_soil_plant_4.jpg,Kito + Snake Plant & Peace Lily
kito,product_cream,large,mixed,kito_large_soil_plant_slide.jpg,Kito + Snake Plant & Peace Lily
kito,product_cream,large,mixed,kito_large_soil_plant_slide_2.jpg,Kito + Snake Plant & Peace Lily
kito,product_cream,large,mixed,kito_large_soil_plant_slide_3.jpg,Kito + Snake Plant & Peace Lily
kito,product_cream,medium,mixed,kito_product_alt.jpg,Kito + Snake Plant & Peace Lily
kito,product_cream,medium,mixed,kito_product_alt_2.jpg,Kito + Snake Plant & Peace Lily
kito,product_cream,medium,mixed,kito_product_alt_3.jpg,Kito + Snake Plant & Peace Lily
kito,product_cream,small,mixed,kito_small_soil_plant.jpg,Kito + Snake Plant & Peace Lily
kito,product_cream,small,mixed,kito_small_soil_plant_10.jpg,Kito + Snake Plant & Peace Lily
kito,product_cream,small,mixed,kito_small_soil_plant_11.jpg,Kito + Snake Plant & Peace Lily
kito,product_cream,small,mixed,kito_small_soil_plant_12.jpg,Kito + Snake Plant & Peace Lily
kito,product_cream,small,mixed,kito_small_soil_plant_2.jpg,Kito + Snake Plant & Peace Lily
kito,product_cream,small,mixed,kito_small_soil_plant_3.jpg,Kito + Snake Plant & Peace Lily
kito,product_cream,small,mixed,kito_small_soil_plant_4.jpg,Kito + Snake Plant & Peace Lily
kito,product_cream,small,mixed,kito_small_soil_plant_5.jpg,Kito + Snake Plant & Peace Lily
kito,product_cream,small,mixed,kito_small_soil_plant_6.jpg,Kito + Snake Plant & Peace Lily
kito,product_cream,small,mixed,kito_small_soil_plant_7.jpg,Kito + Snake Plant & Peace Lily
kito,product_cream,small,mixed,kito_small_soil_plant_8.jpg,Kito + Snake Plant & Peace Lily
kito,product_cream,small,mixed,kito_small_soil_plant_9.jpg,Kito + Snake Plant & Peace Lily
kito,product_cream,small,mixed,kito_small_soil_plant_slide.jpg,Kito + Snake Plant & Peace Lily
kito,product_cream,standard,none,kito_standard_pot_only_slide.jpg,Kito + Snake Plant & Peace Lily
kora,product_cream,large,mixed,kora_large_soil_plant.jpg,Kora + Peace Lily & ZZ Plant
kora,product_cream,large,mixed,kora_large_soil_plant_2.jpg,Kora + Peace Lily & ZZ Plant
kora,product_cream,large,mixed,kora_large_soil_plant_3.jpg,Kora + Peace Lily & ZZ Plant
kora,product_cream,large,mixed,kora_large_soil_plant_4.jpg,Kora + Peace Lily & ZZ Plant
kora,environment,medium,peace-lily,kora_medium_peace-lily_environment_1.jpg,Kora + Peace Lily & ZZ Plant
kora,environment,medium,peace-lily,kora_medium_peace-lily_environment_3.jpg,Kora + Peace Lily & ZZ Plant
kora,environment,medium,peace-lily,kora_medium_peace-lily_environment_5.jpg,Kora + Peace Lily & ZZ Plant
kora,environment,medium,plant-unknown,kora_medium_plant-unknown_environment_6.jpg,Kora + Peace Lily & ZZ Plant
kora,environment,medium,plant-unknown,kora_medium_plant-unknown_environment_7.jpg,Kora + Peace Lily & ZZ Plant
kora,product_cream,medium,mixed,kora_medium_soil_plant.jpg,Kora + Peace Lily & ZZ Plant
kora,product_cream,medium,mixed,kora_medium_soil_plant_2.jpg,Kora + Peace Lily & ZZ Plant
kora,product_cream,medium,mixed,kora_medium_soil_plant_3.jpg,Kora + Peace Lily & ZZ Plant
kora,environment,medium,zz-plant,kora_medium_zz-plant_environment.jpg,Kora + Peace Lily & ZZ Plant
kora,environment,medium,zz-plant,kora_medium_zz-plant_environment_2.jpg,Kora + Peace Lily & ZZ Plant
kora,environment,medium,zz-plant,kora_medium_zz-plant_environment_4.jpg,Kora + Peace Lily & ZZ Plant
kora,product_cream,medium,mixed,kora_product_alt.jpg,Kora + Peace Lily & ZZ Plant
kora,product_cream,medium,mixed,kora_product_alt_2.jpg,Kora + Peace Lily & ZZ Plant
kora,product_cream,medium,mixed,kora_product_alt_3.jpg,Kora + Peace Lily & ZZ Plant
kora,product_cream,medium,mixed,kora_product_alt_4.jpg,Kora + Peace Lily & ZZ Plant
kora,product_cream,medium,mixed,kora_product_alt_5.jpg,Kora + Peace Lily & ZZ Plant
kora,product_cream,medium,mixed,kora_product_alt_6.jpg,Kora + Peace Lily & ZZ Plant
kora,product_cream,medium,mixed,kora_product_alt_7.jpg,Kora + Peace Lily & ZZ Plant
kora,product_cream,medium,mixed,kora_product_alt_8.jpg,Kora + Peace Lily & ZZ Plant
kora,environment,unknown,unknown,kora_small_peace-lily_stool_environment.jpg,Kora + Peace Lily & ZZ Plant
kora,product_cream,small,mixed,kora_small_soil_plant.jpg,Kora + Peace Lily & ZZ Plant
kora,product_cream,small,mixed,kora_small_soil_plant_10.jpg,Kora + Peace Lily & ZZ Plant
kora,product_cream,small,mixed,kora_small_soil_plant_11.jpg,Kora + Peace Lily & ZZ Plant
kora,product_cream,small,mixed,kora_small_soil_plant_12.jpg,Kora + Peace Lily & ZZ Plant
kora,product_cream,small,mixed,kora_small_soil_plant_13.jpg,Kora + Peace Lily & ZZ Plant
kora,product_cream,small,mixed,kora_small_soil_plant_14.jpg,Kora + Peace Lily & ZZ Plant
kora,product_cream,small,mixed,kora_small_soil_plant_15.jpg,Kora + Peace Lily & ZZ Plant
kora,product_cream,small,mixed,kora_small_soil_plant_16.jpg,Kora + Peace Lily & ZZ Plant
kora,product_cream,small,mixed,kora_small_soil_plant_17.jpg,Kora + Peace Lily & ZZ Plant
kora,product_cream,small,mixed,kora_small_soil_plant_18.jpg,Kora + Peace Lily & ZZ Plant
kora,product_cream,small,mixed,kora_small_soil_plant_2.jpg,Kora + Peace Lily & ZZ Plant
kora,product_cream,small,mixed,kora_small_soil_plant_3.jpg,Kora + Peace Lily & ZZ Plant
kora,product_cream,small,mixed,kora_small_soil_plant_4.jpg,Kora + Peace Lily & ZZ Plant
kora,product_cream,small,mixed,kora_small_soil_plant_5.jpg,Kora + Peace Lily & ZZ Plant
kora,product_cream,small,mixed,kora_small_soil_plant_6.jpg,Kora + Peace Lily & ZZ Plant
kora,product_cream,small,mixed,kora_small_soil_plant_7.jpg,Kora + Peace Lily & ZZ Plant
kora,product_cream,small,mixed,kora_small_soil_plant_8.jpg,Kora + Peace Lily & ZZ Plant
kora,product_cream,small,mixed,kora_small_soil_plant_9.jpg,Kora + Peace Lily & ZZ Plant
kora,product_cream,small,mixed,kora_small_soil_plant_slide.jpg,Kora + Peace Lily & ZZ Plant
kora,product_cream,small,mixed,kora_small_soil_plant_slide_2.jpg,Kora + Peace Lily & ZZ Plant
kora,product_cream,medium,none,kora_soil_only.jpg,Kora + Peace Lily & ZZ Plant
kora,product_cream,medium,none,kora_soil_only_2.jpg,Kora + Peace Lily & ZZ Plant
kora,product_cream,medium,none,kora_soil_only_3.jpg,Kora + Peace Lily & ZZ Plant
kora,product_cream,medium,none,kora_soil_only_4.jpg,Kora + Peace Lily & ZZ Plant
kora,product_cream,medium,none,kora_soil_only_5.jpg,Kora + Peace Lily & ZZ Plant
kora,product_cream,standard,none,kora_standard_pot_only_slide.jpg,Kora + Peace Lily & ZZ Plant
kora,product_cream,standard,none,kora_standard_pot_only_slide_2.jpg,Kora + Peace Lily & ZZ Plant
kora,product_cream,standard,none,kora_standard_pot_only_slide_3.jpg,Kora + Peace Lily & ZZ Plant
nuru,product_cream,large,mixed,nuru_large_soil_plant.jpg,Nuru + Peace Lily  Snake Plant & ZZ Plant
nuru,product_cream,large,mixed,nuru_large_soil_plant_2.jpg,Nuru + Peace Lily  Snake Plant & ZZ Plant
nuru,product_cream,large,mixed,nuru_large_soil_plant_3.jpg,Nuru + Peace Lily  Snake Plant & ZZ Plant
nuru,product_cream,large,mixed,nuru_large_soil_plant_4.jpg,Nuru + Peace Lily  Snake Plant & ZZ Plant
nuru,product_cream,medium,mixed,nuru_medium_soil_plant.jpg,Nuru + Peace Lily  Snake Plant & ZZ Plant
nuru,product_cream,medium,mixed,nuru_medium_soil_plant_2.jpg,Nuru + Peace Lily  Snake Plant & ZZ Plant
nuru,product_cream,medium,mixed,nuru_medium_soil_plant_3.jpg,Nuru + Peace Lily  Snake Plant & ZZ Plant
nuru,product_cream,medium,mixed,nuru_medium_soil_plant_4.jpg,Nuru + Peace Lily  Snake Plant & ZZ Plant
nuru,product_cream,medium,none,nuru_pot_only_alt.jpg,Nuru + Peace Lily  Snake Plant & ZZ Plant
nuru,product_cream,medium,none,nuru_pot_only_alt_2.jpg,Nuru + Peace Lily  Snake Plant & ZZ Plant
nuru,product_cream,medium,none,nuru_pot_only_alt_3.jpg,Nuru + Peace Lily  Snake Plant & ZZ Plant
nuru,product_cream,medium,none,nuru_pot_only_alt_4.jpg,Nuru + Peace Lily  Snake Plant & ZZ Plant
nuru,product_cream,medium,none,nuru_pot_only_alt_5.jpg,Nuru + Peace Lily  Snake Plant & ZZ Plant
nuru,product_cream,medium,none,nuru_pot_only_alt_6.jpg,Nuru + Peace Lily  Snake Plant & ZZ Plant
nuru,product_cream,medium,none,nuru_pot_only_alt_7.jpg,Nuru + Peace Lily  Snake Plant & ZZ Plant
nuru,product_cream,medium,none,nuru_pot_only_alt_8.jpg,Nuru + Peace Lily  Snake Plant & ZZ Plant
nuru,product_cream,medium,mixed,nuru_product_alt.jpg,Nuru + Peace Lily  Snake Plant & ZZ Plant
nuru,product_cream,medium,mixed,nuru_product_alt_2.jpg,Nuru + Peace Lily  Snake Plant & ZZ Plant
nuru,product_cream,medium,mixed,nuru_product_alt_3.jpg,Nuru + Peace Lily  Snake Plant & ZZ Plant
nuru,environment,small,peace-lily,nuru_small_peace-lily_environment_1.jpg,Nuru + Peace Lily  Snake Plant & ZZ Plant
nuru,environment,small,snake-plant,nuru_small_snake-plant_environment.jpg,Nuru + Peace Lily  Snake Plant & ZZ Plant
nuru,environment,small,snake-plant,nuru_small_snake-plant_environment_3.jpg,Nuru + Peace Lily  Snake Plant & ZZ Plant
nuru,environment,unknown,unknown,nuru_small_snake-plant_living-room_environment.jpg,Nuru + Peace Lily  Snake Plant & ZZ Plant
nuru,product_cream,small,mixed,nuru_small_soil_plant.jpg,Nuru + Peace Lily  Snake Plant & ZZ Plant
nuru,product_cream,small,mixed,nuru_small_soil_plant_2.jpg,Nuru + Peace Lily  Snake Plant & ZZ Plant
nuru,product_cream,small,mixed,nuru_small_soil_plant_3.jpg,Nuru + Peace Lily  Snake Plant & ZZ Plant
nuru,product_cream,small,mixed,nuru_small_soil_plant_4.jpg,Nuru + Peace Lily  Snake Plant & ZZ Plant
nuru,product_cream,small,mixed,nuru_small_soil_plant_5.jpg,Nuru + Peace Lily  Snake Plant & ZZ Plant
nuru,product_cream,small,mixed,nuru_small_soil_plant_6.jpg,Nuru + Peace Lily  Snake Plant & ZZ Plant
nuru,product_cream,small,mixed,nuru_small_soil_plant_7.jpg,Nuru + Peace Lily  Snake Plant & ZZ Plant
nuru,environment,small,zz-plant,nuru_small_zz-plant_environment_2.jpg,Nuru + Peace Lily  Snake Plant & ZZ Plant
nuru,product_cream,medium,none,nuru_soil_only.jpg,Nuru + Peace Lily  Snake Plant & ZZ Plant
nuru,product_cream,medium,none,nuru_soil_only_2.jpg,Nuru + Peace Lily  Snake Plant & ZZ Plant
nuru,product_cream,medium,none,nuru_soil_only_3.jpg,Nuru + Peace Lily  Snake Plant & ZZ Plant
nuru,product_cream,medium,none,nuru_soil_only_4.jpg,Nuru + Peace Lily  Snake Plant & ZZ Plant
nuru,product_cream,medium,none,nuru_soil_only_5.jpg,Nuru + Peace Lily  Snake Plant & ZZ Plant
nuru,product_cream,medium,none,nuru_soil_only_6.jpg,Nuru + Peace Lily  Snake Plant & ZZ Plant
nuru,product_cream,medium,none,nuru_soil_only_7.jpg,Nuru + Peace Lily  Snake Plant & ZZ Plant
nuru,product_cream,medium,none,nuru_soil_only_8.jpg,Nuru + Peace Lily  Snake Plant & ZZ Plant
nuru,product_cream,standard,none,nuru_standard_pot_only_slide.jpg,Nuru + Peace Lily  Snake Plant & ZZ Plant
nuru,product_cream,standard,none,nuru_standard_pot_only_slide_2.jpg,Nuru + Peace Lily  Snake Plant & ZZ Plant
nuru,product_cream,standard,none,nuru_standard_pot_only_slide_3.jpg,Nuru + Peace Lily  Snake Plant & ZZ Plant
nuru,product_cream,standard,none,nuru_standard_pot_only_slide_4.jpg,Nuru + Peace Lily  Snake Plant & ZZ Plant
safi,product_cream,large,mixed,safi_large_soil_plant.jpg,Safi + Peace Lily & Snake Plant
safi,product_cream,large,mixed,safi_large_soil_plant_2.jpg,Safi + Peace Lily & Snake Plant
safi,product_cream,large,mixed,safi_large_soil_plant_3.jpg,Safi + Peace Lily & Snake Plant
safi,product_cream,large,mixed,safi_large_soil_plant_4.jpg,Safi + Peace Lily & Snake Plant
safi,environment,medium,peace-lily,safi_medium_peace-lily_environment.jpg,Safi + Peace Lily & Snake Plant
safi,environment,medium,peace-lily,safi_medium_peace-lily_environment_2.jpg,Safi + Peace Lily & Snake Plant
safi,environment,medium,snake-plant,safi_medium_snake-plant_environment_1.jpg,Safi + Peace Lily & Snake Plant
safi,environment,medium,snake-plant,safi_medium_snake-plant_environment_3.jpg,Safi + Peace Lily & Snake Plant
safi,product_cream,medium,mixed,safi_medium_soil_plant.jpg,Safi + Peace Lily & Snake Plant
safi,product_cream,medium,mixed,safi_medium_soil_plant_2.jpg,Safi + Peace Lily & Snake Plant
safi,product_cream,medium,mixed,safi_medium_soil_plant_3.jpg,Safi + Peace Lily & Snake Plant
safi,product_cream,medium,mixed,safi_medium_soil_plant_4.jpg,Safi + Peace Lily & Snake Plant
safi,product_cream,medium,mixed,safi_medium_soil_plant_5.jpg,Safi + Peace Lily & Snake Plant
safi,product_cream,medium,mixed,safi_medium_soil_plant_6.jpg,Safi + Peace Lily & Snake Plant
safi,product_cream,medium,mixed,safi_product_alt.jpg,Safi + Peace Lily & Snake Plant
safi,product_cream,medium,mixed,safi_product_alt_2.jpg,Safi + Peace Lily & Snake Plant
safi,product_cream,medium,mixed,safi_product_alt_3.jpg,Safi + Peace Lily & Snake Plant
safi,product_cream,medium,mixed,safi_product_alt_4.jpg,Safi + Peace Lily & Snake Plant
safi,product_cream,small,mixed,safi_small_soil_plant.jpg,Safi + Peace Lily & Snake Plant
safi,product_cream,small,mixed,safi_small_soil_plant_10.jpg,Safi + Peace Lily & Snake Plant
safi,product_cream,small,mixed,safi_small_soil_plant_11.jpg,Safi + Peace Lily & Snake Plant
safi,product_cream,small,mixed,safi_small_soil_plant_12.jpg,Safi + Peace Lily & Snake Plant
safi,product_cream,small,mixed,safi_small_soil_plant_2.jpg,Safi + Peace Lily & Snake Plant
safi,product_cream,small,mixed,safi_small_soil_plant_3.jpg,Safi + Peace Lily & Snake Plant
safi,product_cream,small,mixed,safi_small_soil_plant_4.jpg,Safi + Peace Lily & Snake Plant
safi,product_cream,small,mixed,safi_small_soil_plant_5.jpg,Safi + Peace Lily & Snake Plant
safi,product_cream,small,mixed,safi_small_soil_plant_6.jpg,Safi + Peace Lily & Snake Plant
safi,product_cream,small,mixed,safi_small_soil_plant_7.jpg,Safi + Peace Lily & Snake Plant
safi,product_cream,small,mixed,safi_small_soil_plant_8.jpg,Safi + Peace Lily & Snake Plant
safi,product_cream,small,mixed,safi_small_soil_plant_9.jpg,Safi + Peace Lily & Snake Plant
safi,product_cream,medium,none,safi_soil_only.jpg,Safi + Peace Lily & Snake Plant
safi,product_cream,medium,none,safi_soil_only_2.jpg,Safi + Peace Lily & Snake Plant
safi,product_cream,medium,none,safi_soil_only_3.jpg,Safi + Peace Lily & Snake Plant
safi,product_cream,medium,none,safi_soil_only_4.jpg,Safi + Peace Lily & Snake Plant
safi,product_cream,medium,none,safi_soil_only_5.jpg,Safi + Peace Lily & Snake Plant
safi,product_cream,medium,none,safi_soil_only_6.jpg,Safi + Peace Lily & Snake Plant
safi,product_cream,medium,none,safi_soil_only_7.jpg,Safi + Peace Lily & Snake Plant
safi,product_cream,standard,none,safi_standard_pot_only_slide.jpg,Safi + Peace Lily & Snake Plant
safi,product_cream,standard,none,safi_standard_pot_only_slide_2.jpg,Safi + Peace Lily & Snake Plant
safi,product_cream,standard,none,safi_standard_pot_only_slide_3.jpg,Safi + Peace Lily & Snake Plant
tulo-noir,environment,large,plant-unknown,tulo-noir_large_plant-unknown_environment_5.jpg,Tulo Noir + ZZ Plant & Snake Plant
tulo-noir,environment,large,plant-unknown,tulo-noir_large_plant-unknown_environment_6.jpg,Tulo Noir + ZZ Plant & Snake Plant
tulo-noir,environment,large,snake-plant,tulo-noir_large_snake-plant_environment_1.jpg,Tulo Noir + ZZ Plant & Snake Plant
tulo-noir,environment,large,snake-plant,tulo-noir_large_snake-plant_environment_3.jpg,Tulo Noir + ZZ Plant & Snake Plant
tulo-noir,product_cream,large,mixed,tulo-noir_large_soil_plant.jpg,Tulo Noir + ZZ Plant & Snake Plant
tulo-noir,product_cream,large,mixed,tulo-noir_large_soil_plant_2.jpg,Tulo Noir + ZZ Plant & Snake Plant
tulo-noir,product_cream,large,mixed,tulo-noir_large_soil_plant_3.jpg,Tulo Noir + ZZ Plant & Snake Plant
tulo-noir,product_cream,large,mixed,tulo-noir_large_soil_plant_4.jpg,Tulo Noir + ZZ Plant & Snake Plant
tulo-noir,environment,large,zz-plant,tulo-noir_large_zz-plant_environment.jpg,Tulo Noir + ZZ Plant & Snake Plant
tulo-noir,environment,large,zz-plant,tulo-noir_large_zz-plant_environment_2.jpg,Tulo Noir + ZZ Plant & Snake Plant
tulo-noir,environment,large,zz-plant,tulo-noir_large_zz-plant_environment_4.jpg,Tulo Noir + ZZ Plant & Snake Plant
tulo-noir,product_cream,medium,mixed,tulo-noir_medium_soil_plant.jpg,Tulo Noir + ZZ Plant & Snake Plant
tulo-noir,product_cream,medium,mixed,tulo-noir_medium_soil_plant_2.jpg,Tulo Noir + ZZ Plant & Snake Plant
tulo-noir,product_cream,medium,mixed,tulo-noir_medium_soil_plant_3.jpg,Tulo Noir + ZZ Plant & Snake Plant
tulo-noir,product_cream,medium,mixed,tulo-noir_product_alt.jpg,Tulo Noir + ZZ Plant & Snake Plant
tulo-noir,product_cream,medium,mixed,tulo-noir_product_alt_2.jpg,Tulo Noir + ZZ Plant & Snake Plant
tulo-noir,product_cream,medium,mixed,tulo-noir_product_alt_3.jpg,Tulo Noir + ZZ Plant & Snake Plant
tulo-noir,product_cream,medium,mixed,tulo-noir_product_alt_4.jpg,Tulo Noir + ZZ Plant & Snake Plant
tulo-noir,product_cream,small,mixed,tulo-noir_small_soil_plant.jpg,Tulo Noir + ZZ Plant & Snake Plant
tulo-noir,product_cream,small,mixed,tulo-noir_small_soil_plant_10.jpg,Tulo Noir + ZZ Plant & Snake Plant
tulo-noir,product_cream,small,mixed,tulo-noir_small_soil_plant_11.jpg,Tulo Noir + ZZ Plant & Snake Plant
tulo-noir,product_cream,small,mixed,tulo-noir_small_soil_plant_2.jpg,Tulo Noir + ZZ Plant & Snake Plant
tulo-noir,product_cream,small,mixed,tulo-noir_small_soil_plant_3.jpg,Tulo Noir + ZZ Plant & Snake Plant
tulo-noir,product_cream,small,mixed,tulo-noir_small_soil_plant_4.jpg,Tulo Noir + ZZ Plant & Snake Plant
tulo-noir,product_cream,small,mixed,tulo-noir_small_soil_plant_5.jpg,Tulo Noir + ZZ Plant & Snake Plant
tulo-noir,product_cream,small,mixed,tulo-noir_small_soil_plant_6.jpg,Tulo Noir + ZZ Plant & Snake Plant
tulo-noir,product_cream,small,mixed,tulo-noir_small_soil_plant_7.jpg,Tulo Noir + ZZ Plant & Snake Plant
tulo-noir,product_cream,small,mixed,tulo-noir_small_soil_plant_8.jpg,Tulo Noir + ZZ Plant & Snake Plant
tulo-noir,product_cream,small,mixed,tulo-noir_small_soil_plant_9.jpg,Tulo Noir + ZZ Plant & Snake Plant
tulo-noir,product_cream,medium,none,tulo-noir_soil_only.jpg,Tulo Noir + ZZ Plant & Snake Plant
tulo-noir,product_cream,medium,none,tulo-noir_soil_only_2.jpg,Tulo Noir + ZZ Plant & Snake Plant
tulo-noir,product_cream,medium,none,tulo-noir_soil_only_3.jpg,Tulo Noir + ZZ Plant & Snake Plant
tulo-noir,product_cream,medium,none,tulo-noir_soil_only_4.jpg,Tulo Noir + ZZ Plant & Snake Plant
tulo-noir,product_cream,medium,none,tulo-noir_soil_only_5.jpg,Tulo Noir + ZZ Plant & Snake Plant
tulo-noir,product_cream,standard,none,tulo-noir_standard_pot_only_slide.jpg,Tulo Noir + ZZ Plant & Snake Plant
tulo-noir,product_cream,standard,none,tulo-noir_standard_pot_only_slide_2.jpg,Tulo Noir + ZZ Plant & Snake Plant
tulo-noir,product_cream,standard,none,tulo-noir_standard_pot_only_slide_3.jpg,Tulo Noir + ZZ Plant & Snake Plant
tulo-noir,product_cream,standard,none,tulo-noir_standard_pot_only_slide_4.jpg,Tulo Noir + ZZ Plant & Snake Plant
tulo-noir,product_cream,standard,none,tulo-noir_standard_pot_only_slide_5.jpg,Tulo Noir + ZZ Plant & Snake Plant
tulo-one,product_cream,large,mixed,tulo-one_large_soil_plant_slide.jpg,Tulo One + ZZ Plant & Snake Plant & Peace Lily
tulo-one,product_cream,large,mixed,tulo-one_large_soil_plant_slide_2.jpg,Tulo One + ZZ Plant & Snake Plant & Peace Lily
tulo-one,product_cream,large,mixed,tulo-one_large_soil_plant_slide_3.jpg,Tulo One + ZZ Plant & Snake Plant & Peace Lily
tulo-one,product_cream,large,mixed,tulo-one_large_soil_plant_slide_4.jpg,Tulo One + ZZ Plant & Snake Plant & Peace Lily
tulo-one,environment,medium,peace-lily,tulo-one_medium_peace-lily_environment_2.jpg,Tulo One + ZZ Plant & Snake Plant & Peace Lily
tulo-one,environment,medium,plant-unknown,tulo-one_medium_plant-unknown_environment_5.jpg,Tulo One + ZZ Plant & Snake Plant & Peace Lily
tulo-one,environment,medium,snake-plant,tulo-one_medium_snake-plant_environment_1.jpg,Tulo One + ZZ Plant & Snake Plant & Peace Lily
tulo-one,environment,medium,snake-plant,tulo-one_medium_snake-plant_environment_4.jpg,Tulo One + ZZ Plant & Snake Plant & Peace Lily
tulo-one,product_cream,medium,mixed,tulo-one_medium_soil_plant.jpg,Tulo One + ZZ Plant & Snake Plant & Peace Lily
tulo-one,product_cream,medium,mixed,tulo-one_medium_soil_plant_2.jpg,Tulo One + ZZ Plant & Snake Plant & Peace Lily
tulo-one,product_cream,medium,mixed,tulo-one_medium_soil_plant_3.jpg,Tulo One + ZZ Plant & Snake Plant & Peace Lily
tulo-one,product_cream,medium,mixed,tulo-one_medium_soil_plant_4.jpg,Tulo One + ZZ Plant & Snake Plant & Peace Lily
tulo-one,environment,medium,zz-plant,tulo-one_medium_zz-plant_environment.jpg,Tulo One + ZZ Plant & Snake Plant & Peace Lily
tulo-one,environment,medium,zz-plant,tulo-one_medium_zz-plant_environment_3.jpg,Tulo One + ZZ Plant & Snake Plant & Peace Lily
tulo-one,product_cream,small,mixed,tulo-one_small_soil_plant.jpg,Tulo One + ZZ Plant & Snake Plant & Peace Lily
tulo-one,product_cream,small,mixed,tulo-one_small_soil_plant_2.jpg,Tulo One + ZZ Plant & Snake Plant & Peace Lily
tulo-one,product_cream,small,mixed,tulo-one_small_soil_plant_3.jpg,Tulo One + ZZ Plant & Snake Plant & Peace Lily
tulo-one,product_cream,small,mixed,tulo-one_small_soil_plant_4.jpg,Tulo One + ZZ Plant & Snake Plant & Peace Lily
tulo-one,product_cream,small,mixed,tulo-one_small_soil_plant_5.jpg,Tulo One + ZZ Plant & Snake Plant & Peace Lily
tulo-one,product_cream,small,mixed,tulo-one_small_soil_plant_6.jpg,Tulo One + ZZ Plant & Snake Plant & Peace Lily
tulo-one,product_cream,small,mixed,tulo-one_small_soil_plant_7.jpg,Tulo One + ZZ Plant & Snake Plant & Peace Lily
tulo-one,product_cream,small,mixed,tulo-one_small_soil_plant_8.jpg,Tulo One + ZZ Plant & Snake Plant & Peace Lily
tulo-one,product_cream,small,mixed,tulo-one_small_soil_plant_slide.jpg,Tulo One + ZZ Plant & Snake Plant & Peace Lily
tulo-one,product_cream,small,mixed,tulo-one_small_soil_plant_slide_2.jpg,Tulo One + ZZ Plant & Snake Plant & Peace Lily
tulo-one,product_cream,small,mixed,tulo-one_small_soil_plant_slide_3.jpg,Tulo One + ZZ Plant & Snake Plant & Peace Lily
tulo-one,product_cream,small,mixed,tulo-one_small_soil_plant_slide_4.jpg,Tulo One + ZZ Plant & Snake Plant & Peace Lily
tulo-one,product_cream,medium,none,tulo-one_soil_only.jpg,Tulo One + ZZ Plant & Snake Plant & Peace Lily
tulo-one,product_cream,medium,none,tulo-one_soil_only_2.jpg,Tulo One + ZZ Plant & Snake Plant & Peace Lily
tulo-one,product_cream,medium,none,tulo-one_soil_only_3.jpg,Tulo One + ZZ Plant & Snake Plant & Peace Lily
tulo-one,product_cream,medium,none,tulo-one_soil_only_4.jpg,Tulo One + ZZ Plant & Snake Plant & Peace Lily
tulo-one,product_cream,medium,none,tulo-one_soil_only_5.jpg,Tulo One + ZZ Plant & Snake Plant & Peace Lily
tulo-one,product_cream,standard,none,tulo-one_standard_pot_only_slide.jpg,Tulo One + ZZ Plant & Snake Plant & Peace Lily
tulo-one,product_cream,standard,none,tulo-one_standard_pot_only_slide_2.jpg,Tulo One + ZZ Plant & Snake Plant & Peace Lily
tulo-one,product_cream,standard,none,tulo-one_standard_pot_only_slide_3.jpg,Tulo One + ZZ Plant & Snake Plant & Peace Lily
tulo-one,product_cream,standard,none,tulo-one_standard_pot_only_slide_4.jpg,Tulo One + ZZ Plant & Snake Plant & Peace Lily
tulo-terra,product_cream,large,mixed,tulo-terra_large_soil_plant_slide.jpg,Tulo Terra + ZZ Plant
tulo-terra,product_cream,large,mixed,tulo-terra_large_soil_plant_slide_2.jpg,Tulo Terra + ZZ Plant
tulo-terra,product_cream,large,mixed,tulo-terra_large_soil_plant_slide_3.jpg,Tulo Terra + ZZ Plant
tulo-terra,product_cream,large,mixed,tulo-terra_large_soil_plant_slide_4.jpg,Tulo Terra + ZZ Plant
tulo-terra,product_cream,large,mixed,tulo-terra_large_soil_plant_slide_5.jpg,Tulo Terra + ZZ Plant
tulo-terra,product_cream,large,mixed,tulo-terra_large_soil_plant_slide_6.jpg,Tulo Terra + ZZ Plant
tulo-terra,product_cream,large,mixed,tulo-terra_large_soil_plant_slide_7.jpg,Tulo Terra + ZZ Plant
tulo-terra,product_cream,large,mixed,tulo-terra_large_soil_plant_slide_8.jpg,Tulo Terra + ZZ Plant
tulo-terra,product_cream,medium,mixed,tulo-terra_medium_soil_plant.jpg,Tulo Terra + ZZ Plant
tulo-terra,environment,small,plant-unknown,tulo-terra_small_plant-unknown_environment_5.jpg,Tulo Terra + ZZ Plant
tulo-terra,environment,small,plant-unknown,tulo-terra_small_plant-unknown_environment_6.jpg,Tulo Terra + ZZ Plant
tulo-terra,product_cream,small,mixed,tulo-terra_small_soil_plant.jpg,Tulo Terra + ZZ Plant
tulo-terra,product_cream,small,mixed,tulo-terra_small_soil_plant_2.jpg,Tulo Terra + ZZ Plant
tulo-terra,product_cream,small,mixed,tulo-terra_small_soil_plant_3.jpg,Tulo Terra + ZZ Plant
tulo-terra,product_cream,small,mixed,tulo-terra_small_soil_plant_4.jpg,Tulo Terra + ZZ Plant
tulo-terra,product_cream,small,mixed,tulo-terra_small_soil_plant_5.jpg,Tulo Terra + ZZ Plant
tulo-terra,product_cream,small,mixed,tulo-terra_small_soil_plant_6.jpg,Tulo Terra + ZZ Plant
tulo-terra,product_cream,small,mixed,tulo-terra_small_soil_plant_7.jpg,Tulo Terra + ZZ Plant
tulo-terra,product_cream,small,mixed,tulo-terra_small_soil_plant_8.jpg,Tulo Terra + ZZ Plant
tulo-terra,product_cream,small,mixed,tulo-terra_small_soil_plant_slide.jpg,Tulo Terra + ZZ Plant
tulo-terra,product_cream,small,mixed,tulo-terra_small_soil_plant_slide_2.jpg,Tulo Terra + ZZ Plant
tulo-terra,product_cream,small,mixed,tulo-terra_small_soil_plant_slide_3.jpg,Tulo Terra + ZZ Plant
tulo-terra,product_cream,small,mixed,tulo-terra_small_soil_plant_slide_4.jpg,Tulo Terra + ZZ Plant
tulo-terra,environment,small,zz-plant,tulo-terra_small_zz-plant_environment.jpg,Tulo Terra + ZZ Plant
tulo-terra,environment,small,zz-plant,tulo-terra_small_zz-plant_environment_1.jpg,Tulo Terra + ZZ Plant
tulo-terra,environment,small,zz-plant,tulo-terra_small_zz-plant_environment_2.jpg,Tulo Terra + ZZ Plant
tulo-terra,environment,small,zz-plant,tulo-terra_small_zz-plant_environment_3.jpg,Tulo Terra + ZZ Plant
tulo-terra,environment,small,zz-plant,tulo-terra_small_zz-plant_environment_4.jpg,Tulo Terra + ZZ Plant
tulo-terra,product_cream,medium,none,tulo-terra_soil_only.jpg,Tulo Terra + ZZ Plant
tulo-terra,product_cream,medium,none,tulo-terra_soil_only_2.jpg,Tulo Terra + ZZ Plant
tulo-terra,product_cream,standard,none,tulo-terra_standard_pot_only_slide.jpg,Tulo Terra + ZZ Plant
tulo-terra,product_cream,standard,none,tulo-terra_standard_pot_only_slide_10.jpg,Tulo Terra + ZZ Plant
tulo-terra,product_cream,standard,none,tulo-terra_standard_pot_only_slide_2.jpg,Tulo Terra + ZZ Plant
tulo-terra,product_cream,standard,none,tulo-terra_standard_pot_only_slide_3.jpg,Tulo Terra + ZZ Plant
tulo-terra,product_cream,standard,none,tulo-terra_standard_pot_only_slide_4.jpg,Tulo Terra + ZZ Plant
tulo-terra,product_cream,standard,none,tulo-terra_standard_pot_only_slide_5.jpg,Tulo Terra + ZZ Plant
tulo-terra,product_cream,standard,none,tulo-terra_standard_pot_only_slide_6.jpg,Tulo Terra + ZZ Plant
tulo-terra,product_cream,standard,none,tulo-terra_standard_pot_only_slide_7.jpg,Tulo Terra + ZZ Plant
tulo-terra,product_cream,standard,none,tulo-terra_standard_pot_only_slide_8.jpg,Tulo Terra + ZZ Plant
tulo-terra,product_cream,standard,none,tulo-terra_standard_pot_only_slide_9.jpg,Tulo Terra + ZZ Plant
zola,product_cream,large,mixed,zola_large_soil_plant.jpg,Zola + ZZ Plant & Snake Plant & Aloe Vera & Pothos
zola,product_cream,large,mixed,zola_large_soil_plant_2.jpg,Zola + ZZ Plant & Snake Plant & Aloe Vera & Pothos
zola,product_cream,large,mixed,zola_large_soil_plant_3.jpg,Zola + ZZ Plant & Snake Plant & Aloe Vera & Pothos
zola,product_cream,large,mixed,zola_large_soil_plant_4.jpg,Zola + ZZ Plant & Snake Plant & Aloe Vera & Pothos
zola,product_cream,medium,mixed,zola_medium_soil_plant.jpg,Zola + ZZ Plant & Snake Plant & Aloe Vera & Pothos
zola,product_cream,medium,mixed,zola_medium_soil_plant_2.jpg,Zola + ZZ Plant & Snake Plant & Aloe Vera & Pothos
zola,product_cream,medium,mixed,zola_medium_soil_plant_3.jpg,Zola + ZZ Plant & Snake Plant & Aloe Vera & Pothos
zola,product_cream,medium,mixed,zola_medium_soil_plant_4.jpg,Zola + ZZ Plant & Snake Plant & Aloe Vera & Pothos
zola,product_cream,medium,mixed,zola_medium_soil_plant_5.jpg,Zola + ZZ Plant & Snake Plant & Aloe Vera & Pothos
zola,product_cream,medium,mixed,zola_medium_soil_plant_6.jpg,Zola + ZZ Plant & Snake Plant & Aloe Vera & Pothos
zola,product_cream,medium,mixed,zola_medium_soil_plant_7.jpg,Zola + ZZ Plant & Snake Plant & Aloe Vera & Pothos
zola,product_cream,medium,mixed,zola_medium_soil_plant_8.jpg,Zola + ZZ Plant & Snake Plant & Aloe Vera & Pothos
zola,product_cream,medium,mixed,zola_product_alt.jpg,Zola + ZZ Plant & Snake Plant & Aloe Vera & Pothos
zola,product_cream,medium,mixed,zola_product_alt_2.jpg,Zola + ZZ Plant & Snake Plant & Aloe Vera & Pothos
zola,product_cream,medium,mixed,zola_product_alt_3.jpg,Zola + ZZ Plant & Snake Plant & Aloe Vera & Pothos
zola,product_cream,medium,mixed,zola_product_alt_4.jpg,Zola + ZZ Plant & Snake Plant & Aloe Vera & Pothos
zola,environment,small,aloe-vera,zola_small_aloe-vera_environment_2.jpg,Zola + ZZ Plant & Snake Plant & Aloe Vera & Pothos
zola,environment,small,plant-unknown,zola_small_plant-unknown_environment_5.jpg,Zola + ZZ Plant & Snake Plant & Aloe Vera & Pothos
zola,environment,small,plant-unknown,zola_small_plant-unknown_environment_6.jpg,Zola + ZZ Plant & Snake Plant & Aloe Vera & Pothos
zola,environment,small,pothos,zola_small_pothos_environment_3.jpg,Zola + ZZ Plant & Snake Plant & Aloe Vera & Pothos
zola,environment,small,snake-plant,zola_small_snake-plant_environment_1.jpg,Zola + ZZ Plant & Snake Plant & Aloe Vera & Pothos
zola,product_cream,small,mixed,zola_small_soil_plant.jpg,Zola + ZZ Plant & Snake Plant & Aloe Vera & Pothos
zola,product_cream,small,mixed,zola_small_soil_plant_10.jpg,Zola + ZZ Plant & Snake Plant & Aloe Vera & Pothos
zola,product_cream,small,mixed,zola_small_soil_plant_11.jpg,Zola + ZZ Plant & Snake Plant & Aloe Vera & Pothos
zola,product_cream,small,mixed,zola_small_soil_plant_12.jpg,Zola + ZZ Plant & Snake Plant & Aloe Vera & Pothos
zola,product_cream,small,mixed,zola_small_soil_plant_2.jpg,Zola + ZZ Plant & Snake Plant & Aloe Vera & Pothos
zola,product_cream,small,mixed,zola_small_soil_plant_3.jpg,Zola + ZZ Plant & Snake Plant & Aloe Vera & Pothos
zola,product_cream,small,mixed,zola_small_soil_plant_4.jpg,Zola + ZZ Plant & Snake Plant & Aloe Vera & Pothos
zola,product_cream,small,mixed,zola_small_soil_plant_5.jpg,Zola + ZZ Plant & Snake Plant & Aloe Vera & Pothos
zola,product_cream,small,mixed,zola_small_soil_plant_6.jpg,Zola + ZZ Plant & Snake Plant & Aloe Vera & Pothos
zola,product_cream,small,mixed,zola_small_soil_plant_7.jpg,Zola + ZZ Plant & Snake Plant & Aloe Vera & Pothos
zola,product_cream,small,mixed,zola_small_soil_plant_8.jpg,Zola + ZZ Plant & Snake Plant & Aloe Vera & Pothos
zola,product_cream,small,mixed,zola_small_soil_plant_9.jpg,Zola + ZZ Plant & Snake Plant & Aloe Vera & Pothos
zola,environment,small,zz-plant,zola_small_zz-plant_environment.jpg,Zola + ZZ Plant & Snake Plant & Aloe Vera & Pothos
zola,environment,small,zz-plant,zola_small_zz-plant_environment_4.jpg,Zola + ZZ Plant & Snake Plant & Aloe Vera & Pothos
zola,product_cream,medium,none,zola_soil_only.jpg,Zola + ZZ Plant & Snake Plant & Aloe Vera & Pothos
zola,product_cream,medium,none,zola_soil_only_2.jpg,Zola + ZZ Plant & Snake Plant & Aloe Vera & Pothos
zola,product_cream,medium,none,zola_soil_only_3.jpg,Zola + ZZ Plant & Snake Plant & Aloe Vera & Pothos
zola,product_cream,medium,none,zola_soil_only_4.jpg,Zola + ZZ Plant & Snake Plant & Aloe Vera & Pothos
zola,product_cream,medium,none,zola_soil_only_5.jpg,Zola + ZZ Plant & Snake Plant & Aloe Vera & Pothos
zola,product_cream,medium,none,zola_soil_only_6.jpg,Zola + ZZ Plant & Snake Plant & Aloe Vera & Pothos
zola,product_cream,medium,none,zola_soil_only_7.jpg,Zola + ZZ Plant & Snake Plant & Aloe Vera & Pothos
zola,product_cream,standard,none,zola_standard_pot_only_slide.jpg,Zola + ZZ Plant & Snake Plant & Aloe Vera & Pothos
zola,product_cream,standard,none,zola_standard_pot_only_slide_2.jpg,Zola + ZZ Plant & Snake Plant & Aloe Vera & Pothos
zola,product_cream,standard,none,zola_standard_pot_only_slide_3.jpg,Zola + ZZ Plant & Snake Plant & Aloe Vera & Pothos
zola,product_cream,standard,none,zola_standard_pot_only_slide_4.jpg,Zola + ZZ Plant & Snake Plant & Aloe Vera & Pothos
zola,product_cream,standard,none,zola_standard_pot_only_slide_5.jpg,Zola + ZZ Plant & Snake Plant & Aloe Vera & Pothos
zola,product_cream,standard,none,zola_standard_pot_only_slide_6.jpg,Zola + ZZ Plant & Snake Plant & Aloe Vera & Pothos
zola,product_cream,standard,none,zola_standard_pot_only_slide_7.jpg,Zola + ZZ Plant & Snake Plant & Aloe Vera & Pothos
zuma,product_cream,large,mixed,zuma_large_soil_plant.jpg,Zuma + ZZ Plant & Pothos
zuma,product_cream,large,mixed,zuma_large_soil_plant_2.jpg,Zuma + ZZ Plant & Pothos
zuma,product_cream,large,mixed,zuma_large_soil_plant_3.jpg,Zuma + ZZ Plant & Pothos
zuma,product_cream,large,mixed,zuma_large_soil_plant_4.jpg,Zuma + ZZ Plant & Pothos
zuma,environment,medium,pothos,zuma_medium_pothos_environment_1.jpg,Zuma + ZZ Plant & Pothos
zuma,environment,medium,pothos,zuma_medium_pothos_environment_3.jpg,Zuma + ZZ Plant & Pothos
zuma,product_cream,medium,mixed,zuma_medium_soil_plant.jpg,Zuma + ZZ Plant & Pothos
zuma,product_cream,medium,mixed,zuma_medium_soil_plant_2.jpg,Zuma + ZZ Plant & Pothos
zuma,product_cream,medium,mixed,zuma_medium_soil_plant_3.jpg,Zuma + ZZ Plant & Pothos
zuma,product_cream,medium,mixed,zuma_medium_soil_plant_4.jpg,Zuma + ZZ Plant & Pothos
zuma,environment,medium,zz-plant,zuma_medium_zz-plant_environment.jpg,Zuma + ZZ Plant & Pothos
zuma,environment,medium,zz-plant,zuma_medium_zz-plant_environment_2.jpg,Zuma + ZZ Plant & Pothos
zuma,product_cream,medium,mixed,zuma_product_alt.jpg,Zuma + ZZ Plant & Pothos
zuma,product_cream,medium,mixed,zuma_product_alt_2.jpg,Zuma + ZZ Plant & Pothos
zuma,product_cream,medium,mixed,zuma_product_alt_3.jpg,Zuma + ZZ Plant & Pothos
zuma,product_cream,medium,mixed,zuma_product_alt_4.jpg,Zuma + ZZ Plant & Pothos
zuma,product_cream,small,mixed,zuma_small_soil_plant.jpg,Zuma + ZZ Plant & Pothos
zuma,product_cream,small,mixed,zuma_small_soil_plant_10.jpg,Zuma + ZZ Plant & Pothos
zuma,product_cream,small,mixed,zuma_small_soil_plant_11.jpg,Zuma + ZZ Plant & Pothos
zuma,product_cream,small,mixed,zuma_small_soil_plant_12.jpg,Zuma + ZZ Plant & Pothos
zuma,product_cream,small,mixed,zuma_small_soil_plant_2.jpg,Zuma + ZZ Plant & Pothos
zuma,product_cream,small,mixed,zuma_small_soil_plant_3.jpg,Zuma + ZZ Plant & Pothos
zuma,product_cream,small,mixed,zuma_small_soil_plant_4.jpg,Zuma + ZZ Plant & Pothos
zuma,product_cream,small,mixed,zuma_small_soil_plant_5.jpg,Zuma + ZZ Plant & Pothos
zuma,product_cream,small,mixed,zuma_small_soil_plant_6.jpg,Zuma + ZZ Plant & Pothos
zuma,product_cream,small,mixed,zuma_small_soil_plant_7.jpg,Zuma + ZZ Plant & Pothos
zuma,product_cream,small,mixed,zuma_small_soil_plant_8.jpg,Zuma + ZZ Plant & Pothos
zuma,product_cream,small,mixed,zuma_small_soil_plant_9.jpg,Zuma + ZZ Plant & Pothos
zuma,product_cream,medium,none,zuma_soil_only.jpg,Zuma + ZZ Plant & Pothos
zuma,product_cream,medium,none,zuma_soil_only_2.jpg,Zuma + ZZ Plant & Pothos
zuma,product_cream,medium,none,zuma_soil_only_3.jpg,Zuma + ZZ Plant & Pothos
zuma,product_cream,medium,none,zuma_soil_only_4.jpg,Zuma + ZZ Plant & Pothos
zuma,product_cream,medium,none,zuma_soil_only_5.jpg,Zuma + ZZ Plant & Pothos
zuma,product_cream,standard,none,zuma_standard_pot_only_slide.jpg,Zuma + ZZ Plant & Pothos
zuma,product_cream,standard,none,zuma_standard_pot_only_slide_2.jpg,Zuma + ZZ Plant & Pothos
zuma,product_cream,standard,none,zuma_standard_pot_only_slide_3.jpg,Zuma + ZZ Plant & Pothos
zuma,product_cream,standard,none,zuma_standard_pot_only_slide_4.jpg,Zuma + ZZ Plant & Pothos
zuma,product_cream,standard,none,zuma_standard_pot_only_slide_5.jpg,Zuma + ZZ Plant & Pothos
